{
  "0": {
    "id": 0,
    "x": 8.03137067843062,
    "y": 0.3350151492382103,
    "radius": 1.0
  },
  "1": {
    "id": 1,
    "x": 0.13836642615110306,
    "y": 9.97292685493651,
    "radius": 1.0
  },
  "2": {
    "id": 2,
    "x": 2.7219800438760497,
    "y": 9.014782530161515,
    "radius": 1.0
  },
  "3": {
    "id": 3,
    "x": 1.875257325663735,
    "y": 7.604379571142887,
    "radius": 1.0
  },
  "4": {
    "id": 4,
    "x": 0.2100792592854306,
    "y": 6.933620869895108,
    "radius": 1.0
  },
  "5": {
    "id": 5,
    "x": 5.008286156172152,
    "y": 7.2045519978048205,
    "radius": 1.0
  },
  "6": {
    "id": 6,
    "x": 4.610561537796084,
    "y": 7.656699317051983,
    "radius": 1.0
  },
  "7": {
    "id": 7,
    "x": 4.763868127882756,
    "y": 9.573706357802953,
    "radius": 1.0
  },
  "8": {
    "id": 8,
    "x": 5.747693287164738,
    "y": 3.255951379510557,
    "radius": 1.0
  },
  "9": {
    "id": 9,
    "x": 4.76486768630085,
    "y": 8.515185219971338,
    "radius": 1.0
  }
}