{
  "0": {
    "id": 0,
    "x": 6.473047949560367,
    "y": 2.878881035470707,
    "radius": 0.1
  },
  "1": {
    "id": 1,
    "x": 6.167438777655784,
    "y": 9.990805591375196,
    "radius": 0.2
  },
  "2": {
    "id": 2,
    "x": 7.369553817605419,
    "y": 4.118973829213295,
    "radius": 0.4
  },
  "3": {
    "id": 3,
    "x": 0.47331759027321674,
    "y": 3.947469708009115,
    "radius": 0.7
  },
  "4": {
    "id": 4,
    "x": 8.120229400044295,
    "y": 8.779446421992152,
    "radius": 0.9
  },
  "5": {
    "id": 5,
    "x": 4.688307263483274,
    "y": 6.476549354076214,
    "radius": 1.2
  },
  "6": {
    "id": 6,
    "x": 4.600963960963957,
    "y": 9.954337807336156,
    "radius": 1.3
  },
  "7": {
    "id": 7,
    "x": 3.3105891660511313,
    "y": 0.203871256949818,
    "radius": 1.4
  },
  "8": {
    "id": 8,
    "x": 6.443421065849398,
    "y": 2.591394816037501,
    "radius": 1.7
  },
  "9": {
    "id": 9,
    "x": 6.026477298160343,
    "y": 5.281006867698594,
    "radius": 2.0
  }
}